RPPA_Protein_ID	Gene_Symbol	Entrez_Gene_ID	Ensembl_Gene_ID	Protein_Type	Data_Completeness	Source_Database	Modification_Type
1433BETA	YWHAB	7529	ENSG00000166913	Total	Mapped	TCPA_RPPA500	
1433EPSILON	YWHAE	7531	ENSG00000108953	Total	Mapped	TCPA_RPPA500	
1433ZETA	YWHAZ	7534	ENSG00000164924	Total	Mapped	TCPA_RPPA500	
4EBP1	EIF4EBP1	1977	ENSG00000138040	Total	Mapped	TCPA_RPPA500	
4EBP1_pS65	EIF4EBP1	1977	ENSG00000138040	Phosphorylated	Mapped (base protein)	TCPA_RPPA500	Phosphorylated
4EBP1_pT37T46	EIF4EBP1	1977	ENSG00000138040	Phosphorylated	Mapped (base protein)	TCPA_RPPA500	Phosphorylated
4EBP1_pT70	EIF4EBP1	1977	ENSG00000138040	Phosphorylated	Mapped (base protein)	TCPA_RPPA500	Phosphorylated
53BP1	TP53BP1	7158	ENSG00000067369	Total	Mapped	TCPA_RPPA500	
ACC1	ACACA	34	ENSG00000278540	Total	Mapped	TCPA_RPPA500	
ACC_pS79	ACACA	34	ENSG00000278540	Phosphorylated	Mapped (base protein)	TCPA_RPPA500	Phosphorylated
ACETATUBULINLYS40	TUBA1B	7846	ENSG00000196230	Total	Mapped	TCPA_RPPA500	
ACSL1	ACSL1	2180	ENSG00000151726	Total	Mapped	TCPA_RPPA500	
ACVRL1	ACVRL1	94	ENSG00000139567	Total	Mapped	TCPA_RPPA500	
ADAR1	ADAR	102	ENSG00000160710	Total	Mapped	TCPA_RPPA500	
ALKBH5	ALKBH5	197928	ENSG00000129514	Total	Mapped	TCPA_RPPA500	
ALPHACAT	CAT	847	ENSG00000121691	Total	Mapped	TCPA_RPPA500	
ENIN	ENO1	2023	ENSG00000074800	Total	Requires_TCPA_database	TCPA_RPPA500	
AMPK-a2_pS345	PRKAA2	5563	ENSG00000162409	Phosphorylated	Mapped	TCPA_RPPA500	Phosphorylated
AMPKALPHA	PRKAA1	5562	ENSG00000132356	Total	Mapped	TCPA_RPPA500	
AMPKALPHA_pT172	PRKAA1	5562	ENSG00000132356	Phosphorylated	Mapped	TCPA_RPPA500	Phosphorylated
ANNEXIN1	ANXA1	301	ENSG00000135046	Total	Mapped	TCPA_RPPA500	
ANNEXINVII	ANXA7	310	ENSG00000138279	Total	Mapped	TCPA_RPPA500	
AR	AR	367	ENSG00000169083	Total	Mapped	TCPA_RPPA500	
ARAF	ARAF	369	ENSG00000078061	Total	Mapped	TCPA_RPPA500	
ARAF_pS299	ARAF	369	ENSG00000078061	Phosphorylated	Mapped	TCPA_RPPA500	Phosphorylated
ARID1A	ARID1A	8289	ENSG00000117713	Total	Mapped	TCPA_RPPA500	
ASNS	ASNS	439	ENSG00000106105	Total	Mapped	TCPA_RPPA500	
ATM	ATM	472	ENSG00000149311	Total	Mapped	TCPA_RPPA500	
ATM_pS1981	ATM	472	ENSG00000149311	Phosphorylated	Mapped	TCPA_RPPA500	Phosphorylated
ATP5A	ATP5F1A	498	ENSG00000152234	Total	Mapped	TCPA_RPPA500	
ATP5H	ATP5H	10476	ENSG00000168653	Total	Mapped	TCPA_RPPA500	
ATR	ATR	545	ENSG00000175054	Total	Mapped	TCPA_RPPA500	
ATRX	ATRX	546	ENSG00000169057	Total	Mapped	TCPA_RPPA500	
ATR_pS428	ATR	545	ENSG00000175054	Phosphorylated	Mapped	TCPA_RPPA500	Phosphorylated
AXL	AXL	558	ENSG00000167601	Total	Mapped	TCPA_RPPA500	
AceCS1	ACSS1	23371	ENSG00000137992	Total	Mapped	TCPA_RPPA500	
Akt2	AKT2	208	ENSG00000105221	Total	Mapped	TCPA_RPPA500	
Akt2_pS474	AKT2	208	ENSG00000105221	Phosphorylated	Mapped	TCPA_RPPA500	Phosphorylated
Ambra1_pS52	AMBRA1	55626	ENSG00000110497	Phosphorylated	Mapped	TCPA_RPPA500	Phosphorylated
Atg3	ATG3	9477	ENSG00000144848	Total	Requires_TCPA_database	TCPA_RPPA500	
Atg4B	ATG4B	23192	ENSG00000168397	Total	Requires_TCPA_database	TCPA_RPPA500	
Atg5	ATG5	9474	ENSG00000126581	Total	Requires_TCPA_database	TCPA_RPPA500	
Atg7	ATG7	10533	ENSG00000197548	Total	Requires_TCPA_database	TCPA_RPPA500	
Aurora-A	AURKA	6790	ENSG00000087586	Total	Requires_TCPA_database	TCPA_RPPA500	
Aurora-ABC_pT288_pT232_pT198	AURKA	6790	ENSG00000087586	Phosphorylated	Requires_TCPA_database	TCPA_RPPA500	Phosphorylated
Aurora-B	AURKB	9212	ENSG00000178999	Total	Requires_TCPA_database	TCPA_RPPA500	
B7-H3	CD276	94025	ENSG00000103855	Total	Requires_TCPA_database	TCPA_RPPA500	
B7-H4	VTCN1	23571	ENSG00000177455	Total	Requires_TCPA_database	TCPA_RPPA500	
BAD_pS112	BAD	572	ENSG00000104312	Phosphorylated	Requires_TCPA_database	TCPA_RPPA500	Phosphorylated
BAK	BAK1	578	ENSG00000156299	Total	Requires_TCPA_database	TCPA_RPPA500	
BAP1C4	BAP1	8314	ENSG00000163930	Total	Requires_TCPA_database	TCPA_RPPA500	
BAX	BAX	581	ENSG00000087088	Total	Requires_TCPA_database	TCPA_RPPA500	
BCL2	BCL2	596	ENSG00000171791	Total	Requires_TCPA_database	TCPA_RPPA500	
BCL2A1	BCL2A1	597	ENSG00000140379	Total	Requires_TCPA_database	TCPA_RPPA500	
BCLXL	BCL2L1	598	ENSG00000171552	Total	Requires_TCPA_database	TCPA_RPPA500	
BECLIN	BECN1	8678	ENSG00000126581	Total	Requires_TCPA_database	TCPA_RPPA500	
BETACATENIN	CTNNB1	1499	ENSG00000168036	Total	Requires_TCPA_database	TCPA_RPPA500	
BID	BID	637	ENSG00000105557	Total	Requires_TCPA_database	TCPA_RPPA500	
BIM	BCL2L11	10018	ENSG00000153094	Total	Requires_TCPA_database	TCPA_RPPA500	
BMK1-Erk5_pT218_Y220	MAPK7	5599	ENSG00000145675	Phosphorylated	Requires_TCPA_database	TCPA_RPPA500	Phosphorylated
BRAF	BRAF	673	ENSG00000157764	Total	Mapped	TCPA_RPPA500	
BRAF_pS445	BRAF	673	ENSG00000157764	Phosphorylated	Mapped (base protein)	TCPA_RPPA500	Phosphorylated
BRCA2	BRCA2	675	ENSG00000139618	Total	Mapped	TCPA_RPPA500	
BRD4	BRD4	23476	ENSG00000204156	Total	Requires_TCPA_database	TCPA_RPPA500	
BiP-GRP78	HSPA5	3309	ENSG00000141424	Total	Requires_TCPA_database	TCPA_RPPA500	
CA9	CA9	768	ENSG00000110375	Total	Requires_TCPA_database	TCPA_RPPA500	
CABL	ABL1	25	ENSG00000097007	Total	Requires_TCPA_database	TCPA_RPPA500	
CASPASE3	CASP3	836	ENSG00000164305	Total	Requires_TCPA_database	TCPA_RPPA500	
CASPASE7CLEAVEDD198	CASP7	842	ENSG00000165806	Total	Requires_TCPA_database	TCPA_RPPA500	
CASPASE8	CASP8	841	ENSG00000064012	Total	Requires_TCPA_database	TCPA_RPPA500	
CASPASE9	CASP9	842	ENSG00000132906	Total	Requires_TCPA_database	TCPA_RPPA500	
CAVEOLIN1	CAV1	857	ENSG00000105974	Total	Requires_TCPA_database	TCPA_RPPA500	
CD134	OX40	943	ENSG00000135077	Total	Requires_TCPA_database	TCPA_RPPA500	
CD171	L1CAM	3897	ENSG00000198910	Total	Requires_TCPA_database	TCPA_RPPA500	
CD20	MS4A1	931	ENSG00000156738	Total	Requires_TCPA_database	TCPA_RPPA500	
CD26	DPP4	1803	ENSG00000197635	Total	Requires_TCPA_database	TCPA_RPPA500	
CD29	ITGB1	3688	ENSG00000150093	Total	Requires_TCPA_database	TCPA_RPPA500	
CD31	PECAM1	5175	ENSG00000074966	Total	Requires_TCPA_database	TCPA_RPPA500	
CD38	CD38	952	ENSG00000105249	Total	Requires_TCPA_database	TCPA_RPPA500	
CD4	CD4	920	ENSG00000010610	Total	Mapped	TCPA_RPPA500	
CD44	CD44	960	ENSG00000026508	Total	Mapped	TCPA_RPPA500	
CD45	PTPRC	5788	ENSG00000081237	Total	Requires_TCPA_database	TCPA_RPPA500	
CD49B	ITGA2	3673	ENSG00000164107	Total	Requires_TCPA_database	TCPA_RPPA500	
CD86	CD86	942	ENSG00000114013	Total	Requires_TCPA_database	TCPA_RPPA500	
CDK1	CDK1	983	ENSG00000170312	Total	Mapped	TCPA_RPPA500	
CDK1_pT14	CDK1	983	ENSG00000170312	Phosphorylated	Mapped (base protein)	TCPA_RPPA500	Phosphorylated
CDK1_pY15	CDK1	983	ENSG00000170312	Phosphorylated	Mapped (base protein)	TCPA_RPPA500	Phosphorylated
CDT1	CDT1	81620	ENSG00000167513	Total	Requires_TCPA_database	TCPA_RPPA500	
CHD1L	CHD1L	9557	ENSG00000131778	Total	Requires_TCPA_database	TCPA_RPPA500	
CHK1	CHEK1	1111	ENSG00000149554	Total	Requires_TCPA_database	TCPA_RPPA500	
CHK1_pS296	CHEK1	1111	ENSG00000149554	Phosphorylated	Requires_TCPA_database	TCPA_RPPA500	Phosphorylated
CHK1_pS345	CHEK1	1111	ENSG00000149554	Phosphorylated	Requires_TCPA_database	TCPA_RPPA500	Phosphorylated
CHK2	CHEK2	11200	ENSG00000100554	Total	Requires_TCPA_database	TCPA_RPPA500	
CHK2_pT68	CHEK2	11200	ENSG00000100554	Phosphorylated	Requires_TCPA_database	TCPA_RPPA500	Phosphorylated
CIAP	BIRC3	330	ENSG00000023445	Total	Requires_TCPA_database	TCPA_RPPA500	
CIITA	CIITA	4261	ENSG00000179583	Total	Requires_TCPA_database	TCPA_RPPA500	
CJUN_pS73	JUN	3725	ENSG00000177606	Phosphorylated	Requires_TCPA_database	TCPA_RPPA500	Phosphorylated
CKIT	KIT	3815	ENSG00000157404	Total	Requires_TCPA_database	TCPA_RPPA500	
CLAUDIN7	CLDN7	1366	ENSG00000109610	Total	Requires_TCPA_database	TCPA_RPPA500	
CMET	MET	4233	ENSG00000105976	Total	Mapped	TCPA_RPPA500	
CMET_pY1235	MET	4233	ENSG00000105976	Phosphorylated	Mapped (base protein)	TCPA_RPPA500	Phosphorylated
CMYC	MYC	4609	ENSG00000136997	Total	Mapped	TCPA_RPPA500	
COG3	COG3	58531	ENSG00000109061	Total	Requires_TCPA_database	TCPA_RPPA500	
COLLAGENV	COL5A1	1289	ENSG00000130635	Total	Requires_TCPA_database	TCPA_RPPA500	
COMPLEXIISUB	SDHB	63936	ENSG00000117118	Total	Requires_TCPA_database	TCPA_RPPA500	
UNIT30	MRPL30	64976	ENSG00000167967	Total	Requires_TCPA_database	TCPA_RPPA500	
CRAF	RAF1	5894	ENSG00000132155	Total	Requires_TCPA_database	TCPA_RPPA500	
CRAF_pS338	RAF1	5894	ENSG00000132155	Phosphorylated	Requires_TCPA_database	TCPA_RPPA500	Phosphorylated
CREB_pS133	CREB1	1385	ENSG00000118260	Phosphorylated	Requires_TCPA_database	TCPA_RPPA500	Phosphorylated
CSK	CSK	1445	ENSG00000103653	Total	Requires_TCPA_database	TCPA_RPPA500	
CTLA4	CTLA4	1493	ENSG00000163599	Total	Requires_TCPA_database	TCPA_RPPA500	
CYCLINB1	CCNB1	891	ENSG00000134057	Total	Requires_TCPA_database	TCPA_RPPA500	
CYCLIND1	CCND1	595	ENSG00000110092	Total	Requires_TCPA_database	TCPA_RPPA500	
CYCLINE1	CCNE1	898	ENSG00000105376	Total	Requires_TCPA_database	TCPA_RPPA500	
CYCLINE2	CCNE2	915	ENSG00000164916	Total	Requires_TCPA_database	TCPA_RPPA500	
Calnexin	CANX	821	ENSG00000166794	Total	Requires_TCPA_database	TCPA_RPPA500	
Caspase-8-cleaved	CASP8	841	ENSG00000064012	Total	Requires_TCPA_database	TCPA_RPPA500	
Cdc42	CDC42	998	ENSG00000076685	Total	Requires_TCPA_database	TCPA_RPPA500	
Cdc6	CDC6	890	ENSG00000151849	Total	Requires_TCPA_database	TCPA_RPPA500	
Connexin-43	GJA1	2697	ENSG00000152661	Total	Requires_TCPA_database	TCPA_RPPA500	
Coup-TFII	NR2F2	7026	ENSG00000185551	Total	Requires_TCPA_database	TCPA_RPPA500	
Cox-IV	COX4I1	4533	ENSG00000119699	Total	Requires_TCPA_database	TCPA_RPPA500	
Cox2	PTGS2	5743	ENSG00000073756	Total	Requires_TCPA_database	TCPA_RPPA500	
Creb	CREB1	1385	ENSG00000118260	Total	Requires_TCPA_database	TCPA_RPPA500	
CtIP	RBBP8	5932	ENSG00000104964	Total	Requires_TCPA_database	TCPA_RPPA500	
Cyclin-D3	CCND3	896	ENSG00000112576	Total	Requires_TCPA_database	TCPA_RPPA500	
Cyclophilin-F	PPIB	5479	ENSG00000113496	Total	Requires_TCPA_database	TCPA_RPPA500	
D-a-Tubulin	TUBA1A	7846	ENSG00000167552	Total	Requires_TCPA_database	TCPA_RPPA500	
DAPK1_pS308	DAPK1	1612	ENSG00000196730	Phosphorylated	Requires_TCPA_database	TCPA_RPPA500	Phosphorylated
DAPK2	DAPK2	23604	ENSG00000035664	Total	Requires_TCPA_database	TCPA_RPPA500	
DDB-1	DDB1	1642	ENSG00000152347	Total	Requires_TCPA_database	TCPA_RPPA500	
DDR1	DDR1	780	ENSG00000145868	Total	Requires_TCPA_database	TCPA_RPPA500	
DDR1_pY513	DDR1	780	ENSG00000145868	Phosphorylated	Requires_TCPA_database	TCPA_RPPA500	Phosphorylated
DIRAS3	DIRAS3	9077	ENSG00000123374	Total	Requires_TCPA_database	TCPA_RPPA500	
DJ1	PARK7	11315	ENSG00000116288	Total	Requires_TCPA_database	TCPA_RPPA500	
DM-Histone-H3	H3C1	8290	ENSG00000183634	Total	Requires_TCPA_database	TCPA_RPPA500	
DM-K9-Histone-H3	H3C1	8290	ENSG00000183634	Total	Requires_TCPA_database	TCPA_RPPA500	
DNA-Ligase-IV	LIG4	3981	ENSG00000174405	Total	Requires_TCPA_database	TCPA_RPPA500	
DNA_POLG	POLG	5428	ENSG00000140521	Total	Requires_TCPA_database	TCPA_RPPA500	
DNMT1	DNMT1	1786	ENSG00000130816	Total	Requires_TCPA_database	TCPA_RPPA500	
DRP1	DNM1L	10059	ENSG00000182054	Total	Requires_TCPA_database	TCPA_RPPA500	
DUSP4	DUSP4	1846	ENSG00000102543	Total	Requires_TCPA_database	TCPA_RPPA500	
DUSP6	DUSP6	1848	ENSG00000137628	Total	Requires_TCPA_database	TCPA_RPPA500	
DVL3	DVL3	1856	ENSG00000108947	Total	Requires_TCPA_database	TCPA_RPPA500	
E2F1	E2F1	1869	ENSG00000101412	Total	Requires_TCPA_database	TCPA_RPPA500	
ECADHERIN	CDH1	999	ENSG00000039068	Total	Requires_TCPA_database	TCPA_RPPA500	
EEF2	EEF2	1938	ENSG00000198502	Total	Requires_TCPA_database	TCPA_RPPA500	
EEF2K	EEF2K	29904	ENSG00000136536	Total	Requires_TCPA_database	TCPA_RPPA500	
EGFR	EGFR	1956	ENSG00000146648	Total	Mapped	TCPA_RPPA500	
EGFR_pY1068	EGFR	1956	ENSG00000146648	Phosphorylated	Mapped (base protein)	TCPA_RPPA500	Phosphorylated
EGFR_pY1173	EGFR	1956	ENSG00000146648	Phosphorylated	Mapped (base protein)	TCPA_RPPA500	Phosphorylated
EIF4E	EIF4E	1977	ENSG00000151247	Total	Requires_TCPA_database	TCPA_RPPA500	
EIF4G	EIF4G1	1981	ENSG00000114867	Total	Requires_TCPA_database	TCPA_RPPA500	
EMA	MUC1	4582	ENSG00000185499	Total	Requires_TCPA_database	TCPA_RPPA500	
ENY2	ENY2	56943	ENSG00000120533	Total	Requires_TCPA_database	TCPA_RPPA500	
EPPK1	EPPK1	83481	ENSG00000261150	Total	Requires_TCPA_database	TCPA_RPPA500	
ERALPHA	ESR1	2099	ENSG00000091831	Total	Requires_TCPA_database	TCPA_RPPA500	
ERALPHA_pS118	ESR1	2099	ENSG00000091831	Phosphorylated	Requires_TCPA_database	TCPA_RPPA500	Phosphorylated
ERCC1	ERCC1	2067	ENSG00000012061	Total	Requires_TCPA_database	TCPA_RPPA500	
ERCC5	ERCC5	2073	ENSG00000134899	Total	Requires_TCPA_database	TCPA_RPPA500	
ERK2	MAPK1	5594	ENSG00000100030	Total	Mapped	TCPA_RPPA500	
ERRalpha	ESRRA	2101	ENSG00000173153	Total	Requires_TCPA_database	TCPA_RPPA500	
ETS1	ETS1	2113	ENSG00000134954	Total	Requires_TCPA_database	TCPA_RPPA500	
EVI1	MECOM	2122	ENSG00000178950	Total	Requires_TCPA_database	TCPA_RPPA500	
EZH2	EZH2	2146	ENSG00000106462	Total	Requires_TCPA_database	TCPA_RPPA500	
Elk1_pS383	ELK1	2002	ENSG00000134982	Phosphorylated	Requires_TCPA_database	TCPA_RPPA500	Phosphorylated
Enolase-1	ENO1	2023	ENSG00000074800	Total	Requires_TCPA_database	TCPA_RPPA500	
Enolase-2	ENO2	2026	ENSG00000111674	Total	Requires_TCPA_database	TCPA_RPPA500	
EphA2	EPHA2	1969	ENSG00000173112	Total	Requires_TCPA_database	TCPA_RPPA500	
EphA2_pS897	EPHA2	1969	ENSG00000173112	Phosphorylated	Requires_TCPA_database	TCPA_RPPA500	Phosphorylated
EphA2_pY588	EPHA2	1969	ENSG00000173112	Phosphorylated	Requires_TCPA_database	TCPA_RPPA500	Phosphorylated
Erk5	MAPK7	5599	ENSG00000145675	Total	Requires_TCPA_database	TCPA_RPPA500	
FAK	PTK2	5747	ENSG00000169398	Total	Requires_TCPA_database	TCPA_RPPA500	
FAK_pY397	PTK2	5747	ENSG00000169398	Phosphorylated	Requires_TCPA_database	TCPA_RPPA500	Phosphorylated
FASN	FASN	2194	ENSG00000134824	Total	Requires_TCPA_database	TCPA_RPPA500	
FGF-basic	FGF2	2247	ENSG00000138685	Total	Requires_TCPA_database	TCPA_RPPA500	
FIBRONECTIN	FN1	2335	ENSG00000115414	Total	Requires_TCPA_database	TCPA_RPPA500	
FN14	TNFRSF12A	51330	ENSG00000006327	Total	Requires_TCPA_database	TCPA_RPPA500	
FOXM1	FOXM1	2305	ENSG00000111206	Total	Requires_TCPA_database	TCPA_RPPA500	
FOXO3A	FOXO3	2309	ENSG00000118689	Total	Requires_TCPA_database	TCPA_RPPA500	
FOXO3A_pS318S321	FOXO3	2309	ENSG00000118689	Phosphorylated	Requires_TCPA_database	TCPA_RPPA500	Phosphorylated
FRS2-alpha_pY196	FRS2	10818	ENSG00000169249	Phosphorylated	Requires_TCPA_database	TCPA_RPPA500	Phosphorylated
FTO	FTO	79068	ENSG00000138079	Total	Requires_TCPA_database	TCPA_RPPA500	
G6PD	G6PD	2539	ENSG00000160211	Total	Requires_TCPA_database	TCPA_RPPA500	
GAB2	GAB2	9846	ENSG00000178381	Total	Requires_TCPA_database	TCPA_RPPA500	
GAPDH	GAPDH	2597	ENSG00000111640	Total	Requires_TCPA_database	TCPA_RPPA500	
GATA3	GATA3	2625	ENSG00000107485	Total	Requires_TCPA_database	TCPA_RPPA500	
GATA6	GATA6	2627	ENSG00000141448	Total	Requires_TCPA_database	TCPA_RPPA500	
GCLC	GCLC	2729	ENSG00000106683	Total	Requires_TCPA_database	TCPA_RPPA500	
GCLM	GCLM	2730	ENSG00000090013	Total	Requires_TCPA_database	TCPA_RPPA500	
GCN5L2	KAT2A	2034	ENSG00000142959	Total	Requires_TCPA_database	TCPA_RPPA500	
GRB7	GRB7	2886	ENSG00000114062	Total	Requires_TCPA_database	TCPA_RPPA500	
GSK-3B	GSK3B	2932	ENSG00000082701	Total	Requires_TCPA_database	TCPA_RPPA500	
GSK3ALPHABETA	GSK3A	2931	ENSG00000105851	Total	Requires_TCPA_database	TCPA_RPPA500	
GSK3ALPHABETA_pS21S9	GSK3A	2931	ENSG00000105851	Phosphorylated	Requires_TCPA_database	TCPA_RPPA500	Phosphorylated
GSK3_pS9	GSK3B	2932	ENSG00000082701	Phosphorylated	Requires_TCPA_database	TCPA_RPPA500	Phosphorylated
GYS	GYS1	2997	ENSG00000104812	Total	Requires_TCPA_database	TCPA_RPPA500	
GYS_pS641	GYS1	2997	ENSG00000104812	Phosphorylated	Requires_TCPA_database	TCPA_RPPA500	Phosphorylated
Gli1	GLI1	2735	ENSG00000111087	Total	Requires_TCPA_database	TCPA_RPPA500	
Gli3	GLI3	2737	ENSG00000106571	Total	Requires_TCPA_database	TCPA_RPPA500	
Glucocorticoid-Receptor	NR3C1	2908	ENSG00000113580	Total	Requires_TCPA_database	TCPA_RPPA500	
Glutamate-D1-2	GRM1	2911	ENSG00000152822	Total	Requires_TCPA_database	TCPA_RPPA500	
Glutaminase	GLS	2744	ENSG00000013374	Total	Requires_TCPA_database	TCPA_RPPA500	
Granzyme-B	GZMB	3002	ENSG00000100453	Total	Requires_TCPA_database	TCPA_RPPA500	
Grp75	HSPA9	3310	ENSG00000110092	Total	Requires_TCPA_database	TCPA_RPPA500	
H2AX_pS139	H2AFX	3014	ENSG00000188486	Phosphorylated	Requires_TCPA_database	TCPA_RPPA500	Phosphorylated
H2AX_pS140	H2AFX	3014	ENSG00000188486	Phosphorylated	Requires_TCPA_database	TCPA_RPPA500	Phosphorylated
HER2	ERBB2	2064	ENSG00000141736	Total	Mapped	TCPA_RPPA500	
HER2_pY1248	ERBB2	2064	ENSG00000141736	Phosphorylated	Mapped (base protein)	TCPA_RPPA500	Phosphorylated
HER3	ERBB3	2065	ENSG00000065361	Total	Mapped	TCPA_RPPA500	
HER3_pY1289	ERBB3	2065	ENSG00000065361	Phosphorylated	Mapped (base protein)	TCPA_RPPA500	Phosphorylated
HEREGULIN	NRG1	3084	ENSG00000157168	Total	Requires_TCPA_database	TCPA_RPPA500	
HES1	HES1	3280	ENSG00000114315	Total	Requires_TCPA_database	TCPA_RPPA500	
HIF1ALPHA	HIF1A	3091	ENSG00000100644	Total	Requires_TCPA_database	TCPA_RPPA500	
HLA-DQA1	HLA-DQA1	3117	ENSG00000196735	Total	Requires_TCPA_database	TCPA_RPPA500	
HMHA1	HMHA1	23548	ENSG00000175279	Total	Requires_TCPA_database	TCPA_RPPA500	
HSP27	HSPB1	3315	ENSG00000117461	Total	Requires_TCPA_database	TCPA_RPPA500	
HSP27_pS82	HSPB1	3315	ENSG00000117461	Phosphorylated	Requires_TCPA_database	TCPA_RPPA500	Phosphorylated
HSP60	HSPD1	3329	ENSG00000144381	Total	Requires_TCPA_database	TCPA_RPPA500	
HSP70	HSPA1A	3303	ENSG00000204389	Total	Requires_TCPA_database	TCPA_RPPA500	
Hexokinase-I	HK1	3098	ENSG00000067064	Total	Requires_TCPA_database	TCPA_RPPA500	
Hexokinase-II	HK2	3099	ENSG00000159399	Total	Requires_TCPA_database	TCPA_RPPA500	
Histone-H3	H3-3A	3020	ENSG00000163041	Total	Requires_TCPA_database	TCPA_RPPA500	
Histone-H3_pS10	H3-3A	3020	ENSG00000163041	Phosphorylated	Requires_TCPA_database	TCPA_RPPA500	Phosphorylated
IDO	IDO1	3620	ENSG00000131203	Total	Requires_TCPA_database	TCPA_RPPA500	
IGF1R_pY1135Y1136	IGF1R	3480	ENSG00000141791	Phosphorylated	Requires_TCPA_database	TCPA_RPPA500	Phosphorylated
IGFBP2	IGFBP2	3485	ENSG00000115461	Total	Requires_TCPA_database	TCPA_RPPA500	
IGFBP3	IGFBP3	3486	ENSG00000146674	Total	Requires_TCPA_database	TCPA_RPPA500	
IGFRb	IGF1R	3480	ENSG00000141791	Total	Requires_TCPA_database	TCPA_RPPA500	
IL-6	IL6	3569	ENSG00000136244	Total	Requires_TCPA_database	TCPA_RPPA500	
IMP3	IGF2BP3	10643	ENSG00000136231	Total	Requires_TCPA_database	TCPA_RPPA500	
INPP4B	INPP4B	8821	ENSG00000141744	Total	Requires_TCPA_database	TCPA_RPPA500	
IR-b	INSR	3643	ENSG00000171105	Total	Requires_TCPA_database	TCPA_RPPA500	
IRF-3	IRF3	3661	ENSG00000126456	Total	Requires_TCPA_database	TCPA_RPPA500	
IRF-3_pS396	IRF3	3661	ENSG00000126456	Phosphorylated	Requires_TCPA_database	TCPA_RPPA500	Phosphorylated
IRF1	IRF1	3659	ENSG00000125347	Total	Requires_TCPA_database	TCPA_RPPA500	
IRS1	IRS1	3667	ENSG00000169047	Total	Requires_TCPA_database	TCPA_RPPA500	
IRS2	IRS2	8660	ENSG00000185960	Total	Requires_TCPA_database	TCPA_RPPA500	
JAB1	COPS5	10987	ENSG00000105127	Total	Requires_TCPA_database	TCPA_RPPA500	
JAK2	JAK2	3717	ENSG00000096968	Total	Requires_TCPA_database	TCPA_RPPA500	
JNK2	MAPK9	5601	ENSG00000107643	Total	Requires_TCPA_database	TCPA_RPPA500	
JNK_pT183Y185	MAPK8	2316	ENSG00000137693	Phosphorylated	Requires_TCPA_database	TCPA_RPPA500	Phosphorylated
Jagged1	JAG1	182	ENSG00000101347	Total	Requires_TCPA_database	TCPA_RPPA500	
KAP1	TRIM28	10155	ENSG00000197282	Total	Requires_TCPA_database	TCPA_RPPA500	
KU80	XRCC5	7520	ENSG00000088325	Total	Requires_TCPA_database	TCPA_RPPA500	
LAD1	LAD1	4044	ENSG00000158517	Total	Requires_TCPA_database	TCPA_RPPA500	
LC3A-B	MAP1LC3A	84557	ENSG00000137573	Total	Requires_TCPA_database	TCPA_RPPA500	
LCK	LCK	3932	ENSG00000182866	Total	Requires_TCPA_database	TCPA_RPPA500	
LDHA	LDHA	3939	ENSG00000134012	Total	Requires_TCPA_database	TCPA_RPPA500	
LDHB	LDHB	3945	ENSG00000166915	Total	Requires_TCPA_database	TCPA_RPPA500	
LKB1	STK11	6794	ENSG00000118046	Total	Requires_TCPA_database	TCPA_RPPA500	
LRP6_pS1490	LRP6	4040	ENSG00000070018	Phosphorylated	Requires_TCPA_database	TCPA_RPPA500	Phosphorylated
Lasu1	LSM14A	55352	ENSG00000196263	Total	Requires_TCPA_database	TCPA_RPPA500	
Lyn	LYN	4067	ENSG00000254087	Total	Requires_TCPA_database	TCPA_RPPA500	
MAPK_pT202Y204	MAPK1	5594	ENSG00000100030	Phosphorylated	Requires_TCPA_database	TCPA_RPPA500	Phosphorylated
MCT4	SLC16A3	6566	ENSG00000141526	Total	Requires_TCPA_database	TCPA_RPPA500	
MDM2_pS166	MDM2	4193	ENSG00000135679	Phosphorylated	Mapped (base protein)	TCPA_RPPA500	Phosphorylated
MEK1	MAP2K1	5604	ENSG00000169032	Total	Requires_TCPA_database	TCPA_RPPA500	
MEK1_pS217S221	MAP2K1	5604	ENSG00000169032	Phosphorylated	Requires_TCPA_database	TCPA_RPPA500	Phosphorylated
MEK2	MAP2K2	5605	ENSG00000145675	Total	Requires_TCPA_database	TCPA_RPPA500	
MERIT40	BAAT1	80231	ENSG00000135913	Total	Requires_TCPA_database	TCPA_RPPA500	
MERIT40_pS29	BAAT1	80231	ENSG00000135913	Phosphorylated	Requires_TCPA_database	TCPA_RPPA500	Phosphorylated
METTL3	METTL3	56339	ENSG00000165819	Total	Requires_TCPA_database	TCPA_RPPA500	
MIF	MIF	4282	ENSG00000110195	Total	Requires_TCPA_database	TCPA_RPPA500	
MIG6	ERRFI1	55215	ENSG00000173114	Total	Requires_TCPA_database	TCPA_RPPA500	
MITF	MITF	4286	ENSG00000151233	Total	Requires_TCPA_database	TCPA_RPPA500	
MITOCHONDRIA	MT-CO1	4512	ENSG00000198695	Total	Requires_TCPA_database	TCPA_RPPA500	
MLH1	MLH1	4292	ENSG00000076242	Total	Requires_TCPA_database	TCPA_RPPA500	
MLKL	MLKL	197259	ENSG00000131368	Total	Requires_TCPA_database	TCPA_RPPA500	
MMP14	MMP14	4323	ENSG00000157227	Total	Requires_TCPA_database	TCPA_RPPA500	
MMP2	MMP2	4313	ENSG00000108510	Total	Requires_TCPA_database	TCPA_RPPA500	
MR1	MR1	31412	ENSG00000152822	Total	Requires_TCPA_database	TCPA_RPPA500	
MRAP	MRAP	26088	ENSG00000182636	Total	Requires_TCPA_database	TCPA_RPPA500	
MRE11	MRE11	4361	ENSG00000113361	Total	Requires_TCPA_database	TCPA_RPPA500	
MSH2	MSH2	4436	ENSG00000121748	Total	Requires_TCPA_database	TCPA_RPPA500	
MSH6	MSH6	2956	ENSG00000116062	Total	Requires_TCPA_database	TCPA_RPPA500	
MSI2	MSI2	12446	ENSG00000134987	Total	Requires_TCPA_database	TCPA_RPPA500	
MTCO1	MT-CO1	4512	ENSG00000198695	Total	Requires_TCPA_database	TCPA_RPPA500	
MTOR	MTOR	2475	ENSG00000198793	Total	Mapped	TCPA_RPPA500	
MTOR_pS2448	MTOR	2475	ENSG00000198793	Phosphorylated	Mapped (base protein)	TCPA_RPPA500	Phosphorylated
MTSS1	MTSS1	9788	ENSG00000170873	Total	Requires_TCPA_database	TCPA_RPPA500	
MYH11	MYH11	4629	ENSG00000133392	Total	Requires_TCPA_database	TCPA_RPPA500	
MYOSINIIA	MYH9	4627	ENSG00000100345	Total	Requires_TCPA_database	TCPA_RPPA500	
MYOSINIIA_pS1943	MYH9	4627	ENSG00000100345	Phosphorylated	Requires_TCPA_database	TCPA_RPPA500	Phosphorylated
Mcl-1	MCL1	4170	ENSG00000143384	Total	Requires_TCPA_database	TCPA_RPPA500	
MelanA	MLANA	2315	ENSG00000187486	Total	Requires_TCPA_database	TCPA_RPPA500	
Melanoma-gp100	PMEL	6490	ENSG00000185664	Total	Requires_TCPA_database	TCPA_RPPA500	
Mitofusin-1	MFN1	55669	ENSG00000166603	Total	Requires_TCPA_database	TCPA_RPPA500	
Mitofusin-2	MFN2	9927	ENSG00000118507	Total	Requires_TCPA_database	TCPA_RPPA500	
Mnk1	MKNK1	8569	ENSG00000182307	Total	Requires_TCPA_database	TCPA_RPPA500	
Myt1	PKMYT1	9088	ENSG00000103316	Total	Requires_TCPA_database	TCPA_RPPA500	
NAPSINA	NAPSA	2568	ENSG00000174358	Total	Requires_TCPA_database	TCPA_RPPA500	
NCADHERIN	CDH2	1000	ENSG00000170558	Total	Requires_TCPA_database	TCPA_RPPA500	
NDRG1_pT346	NDRG1	10397	ENSG00000104419	Phosphorylated	Requires_TCPA_database	TCPA_RPPA500	Phosphorylated
NDUFB4	NDUFB4	4718	ENSG00000145675	Total	Requires_TCPA_database	TCPA_RPPA500	
NF2	NF2	4771	ENSG00000186575	Total	Requires_TCPA_database	TCPA_RPPA500	
NFKBP65_pS536	RELA	5970	ENSG00000173039	Phosphorylated	Requires_TCPA_database	TCPA_RPPA500	Phosphorylated
NOTCH1	NOTCH1	4851	ENSG00000148400	Total	Requires_TCPA_database	TCPA_RPPA500	
NQO1	NQO1	1728	ENSG00000181019	Total	Requires_TCPA_database	TCPA_RPPA500	
NRAS	NRAS	4893	ENSG00000213281	Total	Mapped	TCPA_RPPA500	
NRF2	NFE2L2	4780	ENSG00000116044	Total	Requires_TCPA_database	TCPA_RPPA500	
Notch1-cleaved	NOTCH1	4851	ENSG00000148400	Total	Requires_TCPA_database	TCPA_RPPA500	
Notch3	NOTCH3	4854	ENSG00000074181	Total	Requires_TCPA_database	TCPA_RPPA500	
Oct-4	POU5F1	5460	ENSG00000204531	Total	Requires_TCPA_database	TCPA_RPPA500	
P16INK4A	CDKN2A	1029	ENSG00000147889	Total	Requires_TCPA_database	TCPA_RPPA500	
P21	CDKN1A	1026	ENSG00000124762	Total	Requires_TCPA_database	TCPA_RPPA500	
P27	CDKN1B	1027	ENSG00000111276	Total	Requires_TCPA_database	TCPA_RPPA500	
P27_pT157	CDKN1B	1027	ENSG00000111276	Phosphorylated	Requires_TCPA_database	TCPA_RPPA500	Phosphorylated
P27_pT198	CDKN1B	1027	ENSG00000111276	Phosphorylated	Requires_TCPA_database	TCPA_RPPA500	Phosphorylated
P38MAPK	MAPK14	1432	ENSG00000112062	Total	Requires_TCPA_database	TCPA_RPPA500	
P38_pT180Y182	MAPK14	1432	ENSG00000112062	Phosphorylated	Requires_TCPA_database	TCPA_RPPA500	Phosphorylated
P53	TP53	7157	ENSG00000141510	Total	Mapped	TCPA_RPPA500	
P62LCKLIGAND	SQSTM1	8878	ENSG00000161011	Total	Requires_TCPA_database	TCPA_RPPA500	
P63	TP63	8626	ENSG00000073282	Total	Requires_TCPA_database	TCPA_RPPA500	
P70S6K1	RPS6KB1	6198	ENSG00000108443	Total	Requires_TCPA_database	TCPA_RPPA500	
P70S6K_pT389	RPS6KB1	6198	ENSG00000108443	Phosphorylated	Requires_TCPA_database	TCPA_RPPA500	Phosphorylated
P90RSK	RPS6KA1	6195	ENSG00000117676	Total	Requires_TCPA_database	TCPA_RPPA500	
P90RSK_pT359S363	RPS6KA1	6195	ENSG00000117676	Phosphorylated	Requires_TCPA_database	TCPA_RPPA500	Phosphorylated
PAI1	SERPINE1	5054	ENSG00000106384	Total	Requires_TCPA_database	TCPA_RPPA500	
PAICS	PAICS	5033	ENSG00000116584	Total	Requires_TCPA_database	TCPA_RPPA500	
PAK1	PAK1	5058	ENSG00000149269	Total	Requires_TCPA_database	TCPA_RPPA500	
PAK4	PAK4	10298	ENSG00000198925	Total	Requires_TCPA_database	TCPA_RPPA500	
PAR	F2	2147	ENSG00000180210	Total	Requires_TCPA_database	TCPA_RPPA500	
PARG	PARG	8505	ENSG00000090060	Total	Requires_TCPA_database	TCPA_RPPA500	
PARP1	PARP1	142	ENSG00000143799	Total	Requires_TCPA_database	TCPA_RPPA500	
PARPCLAVED	PARP1	142	ENSG00000143799	Total	Requires_TCPA_database	TCPA_RPPA500	
PAX6	PAX6	5080	ENSG00000007372	Total	Requires_TCPA_database	TCPA_RPPA500	
PAX8	PAX8	7849	ENSG00000125618	Total	Requires_TCPA_database	TCPA_RPPA500	
PAXILLIN	PXN	5829	ENSG00000112799	Total	Requires_TCPA_database	TCPA_RPPA500	
PCADHERIN	CDH3	1001	ENSG00000163884	Total	Requires_TCPA_database	TCPA_RPPA500	
PCNA	PCNA	5111	ENSG00000132646	Total	Requires_TCPA_database	TCPA_RPPA500	
PDCD1	PDCD1	5133	ENSG00000188389	Total	Requires_TCPA_database	TCPA_RPPA500	
PDCD4	PDCD4	27250	ENSG00000150593	Total	Requires_TCPA_database	TCPA_RPPA500	
PDGFRB	PDGFRB	5159	ENSG00000113721	Total	Requires_TCPA_database	TCPA_RPPA500	
PDH	PDHA1	5160	ENSG00000131828	Total	Requires_TCPA_database	TCPA_RPPA500	
PDHA1	PDHA1	5160	ENSG00000131828	Total	Requires_TCPA_database	TCPA_RPPA500	
PDHK1	PDK1	5170	ENSG00000133056	Total	Requires_TCPA_database	TCPA_RPPA500	
PDK1	PDK1	5170	ENSG00000133056	Total	Requires_TCPA_database	TCPA_RPPA500	
PDK1_pS241	PDK1	5163	ENSG00000152256	Phosphorylated	Requires_TCPA_database	TCPA_RPPA500	Phosphorylated
PDL1	CD274	29126	ENSG00000120217	Total	Requires_TCPA_database	TCPA_RPPA500	
PEA15	PEA15	8682	ENSG00000162734	Total	Requires_TCPA_database	TCPA_RPPA500	
PEA15_pS116	PEA15	8682	ENSG00000162734	Phosphorylated	Requires_TCPA_database	TCPA_RPPA500	Phosphorylated
PERK	EIF2AK3	9451	ENSG00000172009	Total	Requires_TCPA_database	TCPA_RPPA500	
PGM1	PGM1	5236	ENSG00000142082	Total	Requires_TCPA_database	TCPA_RPPA500	
PHGDH	PHGDH	26227	ENSG00000081721	Total	Requires_TCPA_database	TCPA_RPPA500	
PHLPP	PHLPP1	23241	ENSG00000116329	Total	Requires_TCPA_database	TCPA_RPPA500	
PI3K-p110-b	PIK3CB	5291	ENSG00000144819	Total	Requires_TCPA_database	TCPA_RPPA500	
PI3KP110ALPHA	PIK3CA	5290	ENSG00000121879	Total	Requires_TCPA_database	TCPA_RPPA500	
PI3KP85	PIK3R1	5295	ENSG00000145675	Total	Requires_TCPA_database	TCPA_RPPA500	
PKA-a	PRKACA	5566	ENSG00000140575	Total	Requires_TCPA_database	TCPA_RPPA500	
PKC-a-b-II_pT638_T641	PRKCA	5578	ENSG00000154229	Phosphorylated	Requires_TCPA_database	TCPA_RPPA500	Phosphorylated
PKCALPHA	PRKCA	5578	ENSG00000154229	Total	Requires_TCPA_database	TCPA_RPPA500	
PKCALPHA_pS657	PRKCA	5578	ENSG00000154229	Phosphorylated	Requires_TCPA_database	TCPA_RPPA500	Phosphorylated
PKCDE	PRKCD	5580	ENSG00000070309	Total	Requires_TCPA_database	TCPA_RPPA500	
LTA_pS664	LTA	4049	ENSG00000151240	Phosphorylated	Requires_TCPA_database	TCPA_RPPA500	Phosphorylated
PKCPANBETAII_pS660	PRKCB	5579	ENSG00000197462	Phosphorylated	Requires_TCPA_database	TCPA_RPPA500	Phosphorylated
PKM2	PKM	5315	ENSG00000067225	Total	Requires_TCPA_database	TCPA_RPPA500	
PLC-gamma1	PLCG1	5335	ENSG00000198040	Total	Requires_TCPA_database	TCPA_RPPA500	
PLC-gamma2_pY759	PLCG2	5336	ENSG00000105220	Phosphorylated	Requires_TCPA_database	TCPA_RPPA500	Phosphorylated
PLK1	PLK1	5347	ENSG00000166851	Total	Requires_TCPA_database	TCPA_RPPA500	
PMS2	PMS2	5395	ENSG00000122512	Total	Requires_TCPA_database	TCPA_RPPA500	
PR	PGR	5241	ENSG00000088854	Total	Requires_TCPA_database	TCPA_RPPA500	
PRAS40	AKT1S1	84335	ENSG00000122299	Total	Requires_TCPA_database	TCPA_RPPA500	
PRAS40_pT246	AKT1S1	84335	ENSG00000204673	Phosphorylated	Requires_TCPA_database	TCPA_RPPA500	Phosphorylated
PRC1_pT481	PRC1	9055	ENSG00000198901	Phosphorylated	Requires_TCPA_database	TCPA_RPPA500	Phosphorylated
PRDX1	PRDX1	5052	ENSG00000117450	Total	Requires_TCPA_database	TCPA_RPPA500	
PREX1	PREX1	57578	ENSG00000169242	Total	Requires_TCPA_database	TCPA_RPPA500	
PTEN	PTEN	5728	ENSG00000171862	Total	Mapped	TCPA_RPPA500	
PTPN12	PTPN12	5776	ENSG00000118193	Total	Requires_TCPA_database	TCPA_RPPA500	
PYGB	PYGB	5834	ENSG00000139341	Total	Requires_TCPA_database	TCPA_RPPA500	
PYGL	PYGL	5836	ENSG00000105357	Total	Requires_TCPA_database	TCPA_RPPA500	
PYGM	PYGM	5837	ENSG00000117016	Total	Requires_TCPA_database	TCPA_RPPA500	
Patched	PTCH1	5727	ENSG00000185920	Total	Requires_TCPA_database	TCPA_RPPA500	
Porin	VDAC1	7416	ENSG00000122026	Total	Requires_TCPA_database	TCPA_RPPA500	
Puma	BBC3	27113	ENSG00000105327	Total	Requires_TCPA_database	TCPA_RPPA500	
Pyk2_pY402	PTK2B	2195	ENSG00000120899	Phosphorylated	Requires_TCPA_database	TCPA_RPPA500	Phosphorylated
RAB11	RAB11A	8766	ENSG00000131781	Total	Requires_TCPA_database	TCPA_RPPA500	
RAB25	RAB25	57111	ENSG00000125868	Total	Requires_TCPA_database	TCPA_RPPA500	
RAD50	RAD50	10111	ENSG00000102781	Total	Requires_TCPA_database	TCPA_RPPA500	
RAD51	RAD51	5889	ENSG00000122185	Total	Requires_TCPA_database	TCPA_RPPA500	
RAPTOR	RRAGC	58529	ENSG00000112343	Total	Requires_TCPA_database	TCPA_RPPA500	
RB	RB1	5925	ENSG00000139687	Total	Mapped	TCPA_RPPA500	
RBM15	RBM15	9930	ENSG00000175305	Total	Requires_TCPA_database	TCPA_RPPA500	
RB_pS807S811	RB1	5925	ENSG00000139687	Phosphorylated	Mapped (base protein)	TCPA_RPPA500	Phosphorylated
RET_pY905	RET	5979	ENSG00000165731	Phosphorylated	Requires_TCPA_database	TCPA_RPPA500	Phosphorylated
RICTOR	RICTOR	253260	ENSG00000164327	Total	Requires_TCPA_database	TCPA_RPPA500	
RICTOR_pT1135	RICTOR	253260	ENSG00000164327	Phosphorylated	Requires_TCPA_database	TCPA_RPPA500	Phosphorylated
RIP	RIPK1	8737	ENSG00000137275	Total	Requires_TCPA_database	TCPA_RPPA500	
RIP3	RIPK3	11035	ENSG00000129465	Total	Requires_TCPA_database	TCPA_RPPA500	
RPA32	RPA2	6118	ENSG00000132305	Total	Requires_TCPA_database	TCPA_RPPA500	
RPA32_pS4_S8	RPA2	6118	ENSG00000132305	Phosphorylated	Requires_TCPA_database	TCPA_RPPA500	Phosphorylated
RRM1	RRM1	6240	ENSG00000051180	Total	Requires_TCPA_database	TCPA_RPPA500	
RRM2	RRM2	6241	ENSG00000171848	Total	Requires_TCPA_database	TCPA_RPPA500	
RSK1	RPS6KA1	6195	ENSG00000117676	Total	Requires_TCPA_database	TCPA_RPPA500	
Rad23A	UVSSA	55120	ENSG00000104805	Total	Requires_TCPA_database	TCPA_RPPA500	
Rheb	RHEB	6009	ENSG00000106615	Total	Requires_TCPA_database	TCPA_RPPA500	
S100A4	S100A4	6275	ENSG00000196154	Total	Requires_TCPA_database	TCPA_RPPA500	
S6	RPS6	6194	ENSG00000137154	Total	Requires_TCPA_database	TCPA_RPPA500	
S6_pS235S236	RPS6	6194	ENSG00000137154	Phosphorylated	Requires_TCPA_database	TCPA_RPPA500	Phosphorylated
S6_pS240S244	RPS6	6194	ENSG00000137154	Phosphorylated	Requires_TCPA_database	TCPA_RPPA500	Phosphorylated
SCD1	SCD	6319	ENSG00000160181	Total	Requires_TCPA_database	TCPA_RPPA500	
SDHA	SDHA	6389	ENSG00000073578	Total	Requires_TCPA_database	TCPA_RPPA500	
SETD2	SETD2	29072	ENSG00000181555	Total	Requires_TCPA_database	TCPA_RPPA500	
SF2	SRSF1	6426	ENSG00000136450	Total	Requires_TCPA_database	TCPA_RPPA500	
SFRP1	SFRP1	6422	ENSG00000104332	Total	Requires_TCPA_database	TCPA_RPPA500	
SGK1	SGK1	6446	ENSG00000118515	Total	Requires_TCPA_database	TCPA_RPPA500	
SGK3	SGK3	9892	ENSG00000110711	Total	Requires_TCPA_database	TCPA_RPPA500	
SHC_pY317	SHC1	6464	ENSG00000060642	Phosphorylated	Requires_TCPA_database	TCPA_RPPA500	Phosphorylated
SHP2	PTPN11	5781	ENSG00000179295	Total	Requires_TCPA_database	TCPA_RPPA500	
SHP2_pY542	PTPN11	5781	ENSG00000179295	Phosphorylated	Requires_TCPA_database	TCPA_RPPA500	Phosphorylated
SIRP-alpha	SIRPA	6610	ENSG00000196352	Total	Requires_TCPA_database	TCPA_RPPA500	
SLC1A5	SLC1A5	6509	ENSG00000005243	Total	Requires_TCPA_database	TCPA_RPPA500	
SMAC	DIABLO	56616	ENSG00000175606	Total	Requires_TCPA_database	TCPA_RPPA500	
SMAD1	SMAD1	4086	ENSG00000170365	Total	Requires_TCPA_database	TCPA_RPPA500	
SMAD3	SMAD3	4088	ENSG00000166949	Total	Requires_TCPA_database	TCPA_RPPA500	
SMAD4	SMAD4	4089	ENSG00000141646	Total	Requires_TCPA_database	TCPA_RPPA500	
SNAIL	SNAI1	6615	ENSG00000124216	Total	Requires_TCPA_database	TCPA_RPPA500	
SOD1	SOD1	6647	ENSG00000142168	Total	Requires_TCPA_database	TCPA_RPPA500	
SOD2	SOD2	6648	ENSG00000112096	Total	Requires_TCPA_database	TCPA_RPPA500	
SRC	SRC	6714	ENSG00000197122	Total	Mapped	TCPA_RPPA500	
SRC_pY416	SRC	6714	ENSG00000197122	Phosphorylated	Mapped (base protein)	TCPA_RPPA500	Phosphorylated
SRC_pY527	SRC	6714	ENSG00000197122	Phosphorylated	Mapped (base protein)	TCPA_RPPA500	Phosphorylated
STAT3_pY705	STAT3	6774	ENSG00000168610	Phosphorylated	Requires_TCPA_database	TCPA_RPPA500	Phosphorylated
STAT5ALPHA	STAT5A	6776	ENSG00000126561	Total	Requires_TCPA_database	TCPA_RPPA500	
STATHMIN	STMN1	10318	ENSG00000104435	Total	Requires_TCPA_database	TCPA_RPPA500	
STING	TMEM173	340061	ENSG00000101546	Total	Requires_TCPA_database	TCPA_RPPA500	
SYK	SYK	6850	ENSG00000165025	Total	Requires_TCPA_database	TCPA_RPPA500	
Slfn11	SLFN11	91607	ENSG00000172716	Total	Requires_TCPA_database	TCPA_RPPA500	
Sox2	SOX2	6657	ENSG00000181449	Total	Requires_TCPA_database	TCPA_RPPA500	
Stat3	STAT3	6774	ENSG00000168610	Total	Requires_TCPA_database	TCPA_RPPA500	
TAZ	WWTR1	25937	ENSG00000114200	Total	Requires_TCPA_database	TCPA_RPPA500	
TFAM	TFAM	7019	ENSG00000197444	Total	Requires_TCPA_database	TCPA_RPPA500	
TFRC	TFRC	7037	ENSG00000072274	Total	Requires_TCPA_database	TCPA_RPPA500	
TIGAR	C12orf5	84816	ENSG00000111371	Total	Requires_TCPA_database	TCPA_RPPA500	
TRANSGLUTAMINASE	TGM2	7052	ENSG00000198959	Total	Requires_TCPA_database	TCPA_RPPA500	
TRAP1	TRAP1	10131	ENSG00000213672	Total	Requires_TCPA_database	TCPA_RPPA500	
TRIM24	TRIM24	8805	ENSG00000197530	Total	Requires_TCPA_database	TCPA_RPPA500	
TRIM25	TRIM25	7706	ENSG00000130829	Total	Requires_TCPA_database	TCPA_RPPA500	
TRIP13	TRIP13	9313	ENSG00000158062	Total	Requires_TCPA_database	TCPA_RPPA500	
TSC1	TSC1	7248	ENSG00000165699	Total	Requires_TCPA_database	TCPA_RPPA500	
TTF1	NKX2-1	7080	ENSG00000136352	Total	Requires_TCPA_database	TCPA_RPPA500	
TUBERIN	TSC2	7249	ENSG00000113578	Total	Requires_TCPA_database	TCPA_RPPA500	
TUBERIN_pT1462	TSC2	7249	ENSG00000113578	Phosphorylated	Requires_TCPA_database	TCPA_RPPA500	Phosphorylated
TUFM	TUFM	7267	ENSG00000136492	Total	Requires_TCPA_database	TCPA_RPPA500	
Tau	MAPT	4137	ENSG00000186868	Total	Requires_TCPA_database	TCPA_RPPA500	
Twist	TWIST1	7291	ENSG00000162236	Total	Requires_TCPA_database	TCPA_RPPA500	
Tyro3	TYRO3	7301	ENSG00000050991	Total	Requires_TCPA_database	TCPA_RPPA500	
U-Histone-H2B	H2BC11	8345	ENSG00000177200	Total	Requires_TCPA_database	TCPA_RPPA500	
UBAC1	UBAC1	84971	ENSG00000196387	Total	Requires_TCPA_database	TCPA_RPPA500	
UBQLN4	UBQLN4	80326	ENSG00000164167	Total	Requires_TCPA_database	TCPA_RPPA500	
UGT1A	UGT1A1	54658	ENSG00000165841	Total	Requires_TCPA_database	TCPA_RPPA500	
ULK1_pS757	ULK1	8408	ENSG00000177169	Phosphorylated	Requires_TCPA_database	TCPA_RPPA500	Phosphorylated
UQCRC2	UQCRC2	7385	ENSG00000140740	Total	Requires_TCPA_database	TCPA_RPPA500	
UVRAG	UVRAG	7405	ENSG00000198382	Total	Requires_TCPA_database	TCPA_RPPA500	
VASP	VASP	7408	ENSG00000084676	Total	Requires_TCPA_database	TCPA_RPPA500	
VAV1	VAV1	7409	ENSG00000125309	Total	Requires_TCPA_database	TCPA_RPPA500	
VEGFR2	KDR	3791	ENSG00000128052	Total	Requires_TCPA_database	TCPA_RPPA500	
VHL	VHL	7428	ENSG00000134086	Total	Requires_TCPA_database	TCPA_RPPA500	
Vinculin	VCL	7414	ENSG00000171631	Total	Requires_TCPA_database	TCPA_RPPA500	
WIPI1	WIPI1	51188	ENSG00000116990	Total	Requires_TCPA_database	TCPA_RPPA500	
WIPI2	WIPI2	140576	ENSG00000159714	Total	Requires_TCPA_database	TCPA_RPPA500	
WTAP	WTAP	9589	ENSG00000104635	Total	Requires_TCPA_database	TCPA_RPPA500	
Wee1	WEE1	7465	ENSG00000147174	Total	Requires_TCPA_database	TCPA_RPPA500	
Wee1_pS642	WEE1	7465	ENSG00000147174	Phosphorylated	Requires_TCPA_database	TCPA_RPPA500	Phosphorylated
XBP1	XBP1	7494	ENSG00000100219	Total	Requires_TCPA_database	TCPA_RPPA500	
XIAP	XIAP	331	ENSG00000101966	Total	Requires_TCPA_database	TCPA_RPPA500	
XPA	XPA	7507	ENSG00000136936	Total	Requires_TCPA_database	TCPA_RPPA500	
XPF	ERCC4	2072	ENSG00000138398	Total	Requires_TCPA_database	TCPA_RPPA500	
XRCC1	XRCC1	7515	ENSG00000143614	Total	Requires_TCPA_database	TCPA_RPPA500	
YAP	YAP1	10413	ENSG00000137693	Total	Requires_TCPA_database	TCPA_RPPA500	
YAP_pS127	YAP1	10413	ENSG00000137693	Phosphorylated	Requires_TCPA_database	TCPA_RPPA500	Phosphorylated
YB1	YBX1	4904	ENSG00000164563	Total	Requires_TCPA_database	TCPA_RPPA500	
YB1_pS102	YBX1	4904	ENSG00000164563	Phosphorylated	Requires_TCPA_database	TCPA_RPPA500	Phosphorylated
YTHDF2	YTHDF2	51444	ENSG00000198793	Total	Requires_TCPA_database	TCPA_RPPA500	
YTHDF3	YTHDF3	440193	ENSG00000197728	Total	Requires_TCPA_database	TCPA_RPPA500	
ZAP-70	ZAP70	7535	ENSG00000115085	Total	Requires_TCPA_database	TCPA_RPPA500	
ZEB1	ZEB1	9708	ENSG00000158186	Total	Requires_TCPA_database	TCPA_RPPA500	
b-Actin	ACTB	60	ENSG00000075624	Total	Requires_TCPA_database	TCPA_RPPA500	
b-Catenin_pT41_S45	CTNNB1	1499	ENSG00000168036	Phosphorylated	Requires_TCPA_database	TCPA_RPPA500	Phosphorylated
c-Abl_pY412	ABL1	25	ENSG00000097007	Phosphorylated	Requires_TCPA_database	TCPA_RPPA500	Phosphorylated
c-IAP2	BIRC3	330	ENSG00000023445	Total	Requires_TCPA_database	TCPA_RPPA500	
cGAS	MB21D1	143686	ENSG00000177455	Total	Requires_TCPA_database	TCPA_RPPA500	
cdc25C	CDC25C	995	ENSG00000178991	Total	Requires_TCPA_database	TCPA_RPPA500	
eIF4E_pS209	EIF4E	1977	ENSG00000151247	Phosphorylated	Requires_TCPA_database	TCPA_RPPA500	Phosphorylated
p38-a	MAPK14	1432	ENSG00000112062	Total	Requires_TCPA_database	TCPA_RPPA500	
p44-42-MAPK	MAPK1	5594	ENSG00000100030	Total	Requires_TCPA_database	TCPA_RPPA500	
p90RSK_pT573	RPS6KA1	6195	ENSG00000117676	Phosphorylated	Requires_TCPA_database	TCPA_RPPA500	Phosphorylated
